URL,Clase
https://en.wikipedia.org/wiki/Meteorology,Meteorology
https://en.wikipedia.org/wiki/Weather,Meteorology
https://en.wikipedia.org/wiki/Climate,Meteorology
https://en.wikipedia.org/wiki/Atmosphere,Meteorology
https://en.wikipedia.org/wiki/Climate_change,Meteorology
https://en.wikipedia.org/wiki/Weather_forecasting,Meteorology
https://en.wikipedia.org/wiki/Air_mass,Meteorology
https://en.wikipedia.org/wiki/Severe_weather,Meteorology
https://en.wikipedia.org/wiki/Tornado,Meteorology
https://en.wikipedia.org/wiki/Hurricane,Meteorology
https://en.wikipedia.org/wiki/Thunderstorm,Meteorology
https://en.wikipedia.org/wiki/Cyclone,Meteorology
https://en.wikipedia.org/wiki/Blizzard,Meteorology
https://en.wikipedia.org/wiki/Rain,Meteorology
https://en.wikipedia.org/wiki/Snow,Meteorology
https://en.wikipedia.org/wiki/Hail,Meteorology
https://en.wikipedia.org/wiki/Drought,Meteorology
https://en.wikipedia.org/wiki/Flood,Meteorology
https://en.wikipedia.org/wiki/Lightning,Meteorology
https://en.wikipedia.org/wiki/Rainbow,Meteorology
https://en.wikipedia.org/wiki/Wind,Meteorology
https://en.wikipedia.org/wiki/Climate_classification,Meteorology
https://en.wikipedia.org/wiki/Climate_system,Meteorology
https://en.wikipedia.org/wiki/Weather_station,Meteorology
https://en.wikipedia.org/wiki/Thermometer,Meteorology
https://en.wikipedia.org/wiki/Barometer,Meteorology
https://en.wikipedia.org/wiki/Hygrometer,Meteorology
https://en.wikipedia.org/wiki/Anemometer,Meteorology
https://en.wikipedia.org/wiki/Rain_gauge,Meteorology
https://en.wikipedia.org/wiki/Weather_satellite,Meteorology
https://en.wikipedia.org/wiki/Radar,Meteorology
https://en.wikipedia.org/wiki/Atmospheric_pressure,Meteorology
https://en.wikipedia.org/wiki/Humidity,Meteorology
https://en.wikipedia.org/wiki/Precipitation,Meteorology
https://en.wikipedia.org/wiki/Evaporation,Meteorology
https://en.wikipedia.org/wiki/Condensation,Meteorology
https://en.wikipedia.org/wiki/Advection,Meteorology
https://en.wikipedia.org/wiki/Air_pollution,Meteorology
https://en.wikipedia.org/wiki/Ozone_layer,Meteorology
https://en.wikipedia.org/wiki/Greenhouse_gas,Meteorology
https://en.wikipedia.org/wiki/Air_quality_index,Meteorology
https://en.wikipedia.org/wiki/Climate_model,Meteorology
https://en.wikipedia.org/wiki/El_Niño,Meteorology
https://en.wikipedia.org/wiki/La_Niña,Meteorology
https://en.wikipedia.org/wiki/Monsoon,Meteorology
https://en.wikipedia.org/wiki/Saharan_dust,Meteorology
https://en.wikipedia.org/wiki/Weather_vane,Meteorology
https://en.wikipedia.org/wiki/Chinook_wind,Meteorology
https://en.wikipedia.org/wiki/Aurora,Meteorology
https://en.wikipedia.org/wiki/Stratosphere,Meteorology
https://en.wikipedia.org/wiki/Biology,Biology
https://en.wikipedia.org/wiki/Life,Biology
https://en.wikipedia.org/wiki/Cell_(biology),Biology
https://en.wikipedia.org/wiki/DNA,Biology
https://en.wikipedia.org/wiki/Genetics,Biology
https://en.wikipedia.org/wiki/Evolution,Biology
https://en.wikipedia.org/wiki/Ecology,Biology
https://en.wikipedia.org/wiki/Species,Biology
https://en.wikipedia.org/wiki/Plant,Biology
https://en.wikipedia.org/wiki/Animal,Biology
https://en.wikipedia.org/wiki/Human,Biology
https://en.wikipedia.org/wiki/Microorganism,Biology
https://en.wikipedia.org/wiki/Prokaryote,Biology
https://en.wikipedia.org/wiki/Eukaryote,Biology
https://en.wikipedia.org/wiki/Photosynthesis,Biology
https://en.wikipedia.org/wiki/Respiration,Biology
https://en.wikipedia.org/wiki/Reproduction,Biology
https://en.wikipedia.org/wiki/Genome,Biology
https://en.wikipedia.org/wiki/Cell_cycle,Biology
https://en.wikipedia.org/wiki/Embryology,Biology
https://en.wikipedia.org/wiki/Anatomy,Biology
https://en.wikipedia.org/wiki/Physiology,Biology
https://en.wikipedia.org/wiki/Biochemistry,Biology
https://en.wikipedia.org/wiki/Neuroscience,Biology
https://en.wikipedia.org/wiki/Ecosystem,Biology
https://en.wikipedia.org/wiki/Biodiversity,Biology
https://en.wikipedia.org/wiki/Conservation_biology,Biology
https://en.wikipedia.org/wiki/Behavioral_ecology,Biology
https://en.wikipedia.org/wiki/Endangered_species,Biology
https://en.wikipedia.org/wiki/Genetic_engineering,Biology
https://en.wikipedia.org/wiki/Cloning,Biology
https://en.wikipedia.org/wiki/Immunology,Biology
https://en.wikipedia.org/wiki/Molecular_biology,Biology
https://en.wikipedia.org/wiki/Pharmacology,Biology
https://en.wikipedia.org/wiki/Biotechnology,Biology
https://en.wikipedia.org/wiki/Evolutionary_biology,Biology
https://en.wikipedia.org/wiki/Microbiology,Biology
https://en.wikipedia.org/wiki/Zoology,Biology
https://en.wikipedia.org/wiki/Botany,Biology
https://en.wikipedia.org/wiki/Ornithology,Biology
https://en.wikipedia.org/wiki/Marine_biology,Biology
https://en.wikipedia.org/wiki/Entomology,Biology
https://en.wikipedia.org/wiki/Herpetology,Biology
https://en.wikipedia.org/wiki/Mycology,Biology
https://en.wikipedia.org/wiki/Genomics,Biology
https://en.wikipedia.org/wiki/Neurobiology,Biology
https://en.wikipedia.org/wiki/Parasitology,Biology
https://en.wikipedia.org/wiki/Plant_physiology,Biology
https://en.wikipedia.org/wiki/Virology,Biology
https://en.wikipedia.org/wiki/Sport,Sport
https://en.wikipedia.org/wiki/Association_football,Sport
https://en.wikipedia.org/wiki/Basketball,Sport
https://en.wikipedia.org/wiki/Tennis,Sport
https://en.wikipedia.org/wiki/Cricket,Sport
https://en.wikipedia.org/wiki/Baseball,Sport
https://en.wikipedia.org/wiki/Volleyball,Sport
https://en.wikipedia.org/wiki/Rugby_union,Sport
https://en.wikipedia.org/wiki/Rugby_league,Sport
https://en.wikipedia.org/wiki/American_football,Sport
https://en.wikipedia.org/wiki/Golf,Sport
https://en.wikipedia.org/wiki/Boxing,Sport
https://en.wikipedia.org/wiki/Mixed_martial_arts,Sport
https://en.wikipedia.org/wiki/Formula_One,Sport
https://en.wikipedia.org/wiki/Motorsport,Sport
https://en.wikipedia.org/wiki/Track_and_field,Sport
https://en.wikipedia.org/wiki/Swimming_(sport),Sport
https://en.wikipedia.org/wiki/Cycling,Sport
https://en.wikipedia.org/wiki/Gymnastics,Sport
https://en.wikipedia.org/wiki/Weightlifting,Sport
https://en.wikipedia.org/wiki/Wrestling,Sport
https://en.wikipedia.org/wiki/Skiing,Sport
https://en.wikipedia.org/wiki/Snowboarding,Sport
https://en.wikipedia.org/wiki/Surfing,Sport
https://en.wikipedia.org/wiki/Sailing,Sport
https://en.wikipedia.org/wiki/Cricket,Sport
https://en.wikipedia.org/wiki/Badminton,Sport
https://en.wikipedia.org/wiki/Table_tennis,Sport
https://en.wikipedia.org/wiki/Archery,Sport
https://en.wikipedia.org/wiki/Shooting_sports,Sport
https://en.wikipedia.org/wiki/Fencing,Sport
https://en.wikipedia.org/wiki/Bowling,Sport
https://en.wikipedia.org/wiki/Curling,Sport
https://en.wikipedia.org/wiki/Darts,Sport
https://en.wikipedia.org/wiki/Squash_(sport),Sport
https://en.wikipedia.org/wiki/Taekwondo,Sport
https://en.wikipedia.org/wiki/Judo,Sport
https://en.wikipedia.org/wiki/Karate,Sport
https://en.wikipedia.org/wiki/Swimming_pool,Sport
https://en.wikipedia.org/wiki/Football_pitch,Sport
https://en.wikipedia.org/wiki/Tennis_court,Sport
https://en.wikipedia.org/wiki/Golf_course,Sport
https://en.wikipedia.org/wiki/Basketball_court,Sport
https://en.wikipedia.org/wiki/Volleyball_court,Sport
https://en.wikipedia.org/wiki/Stadium,Sport
https://en.wikipedia.org/wiki/Athletics_track,Sport
https://en.wikipedia.org/wiki/Skatepark,Sport
https://en.wikipedia.org/wiki/Ice_rink,Sport
https://en.wikipedia.org/wiki/Sports_venue,Sport
https://en.wikipedia.org/wiki/Sports_car,Sport
https://en.wikipedia.org/wiki/Sports_equipment,Sport
